date,sentence
2017-02-10,"un cartello avvisa genericamente che gli articoli del settore ""Carnevale"" non sono ""giochi"".    E allora, com'è questa "" donna disponibile e sexy"" che non è un gioco ma è uno scherzo, e che possiamo comprare con una banconota da 20?    Il decalogo è stampato"
2021-04-23,cattura uomo BakecaIncontrii Catania ti offre i migliori annunci verso donne cosicchГ© cercano uomini.    Belle donne disponibili in incontri e attraverso accompagnarti a riunioni ovverosia eventi.    Trova la donna perfetta con accatto di societГ
2020-03-01,"forma i loro caratteri e le loro azioni.    I poveri e i popolani sono costretti ad essere furbi per guadagnare, le serve e le donne disponibili , i mercanti scaltri, e gli aristocratici magnifici se hanno ricchezze da buttare via e malinconici ne non ne hanno più."
2021-08-14,ricerca compagno BakecaIncontrii Como ti offre i migliori annunci a causa di donne in quanto cercano uomini.    Belle donne disponibili durante incontri e durante accompagnarti verso riunioni oppure eventi.    Sei un competente o hai unвЂTMattivitГ
2022-03-09,"di un documentario sulla sua adolescenza e ha creato Assembly, una pubblicazione digitale per ragazze e giovani donne disponibile su Apple News.    Dal suo lancio nel 2018, Assembly ha pubblicato storie di giovani donne in oltre 100 paesi e in più di 20"
2021-09-14,cattura prossimo BakecaIncontrii Trento ti offre i migliori annunci a causa di donne giacche cercano uomini.    Belle donne disponibili per incontri e attraverso accompagnarti a riunioni ovvero eventi.    Nell'eventualita che mi scrivi sai perche no a
2022-06-18,"crema protettiva, ma anche le scarpe adatte per il mare.    Per la spiaggia si consigliano le migliori ciabatte da mare da donna disponibili in tanti colori e modelli tra cui scegliere sul noto e-commerce, come riferiscono le ultime tendenze.    Camminare a"
2018-03-22,"di strada è un uomo del popolo.    Una donna di strada?    Una mignotta.    Un uomo disponibile è un uomo gentile e premuroso.    Una donna disponibile ?    Una mignotta.    Un gatto morto è un felino deceduto.    Una gatta morta?    Una mignotta.""    Esempi su esempi, che tra un sorriso"
2021-10-06,"dei protagonisti della serie in versione cartoon.    Immancabile la maschera di Dalì, per una maglietta in 100% cotone da donna disponibile in varie taglie.    La terza T-Shirt che vi andiamo a consigliare è un'altra chicca per veri appassionati: una maglietta"
2024-11-13,"interiore: medita e custodisce nel suo cuore la Parola di Dio che alimenta ogni sua azione.    È anche una donna aperta, una donna disponibile alle sorprese di Dio''.    La Madonna segnala Gesù, mai se stessa    E dedicando la catechesi alla figura di Maria ha detto: """
2021-12-01,", il Comune di Positano, nelle memorie difensive, non ha esitato a rafforzare il concetto di impossibilità a reperire donne disponibili (dopo averne formalmente contattate appena cinque) distorcendo l'immagine delle donne positanesi, interessate al"
2025-03-04,"donna 2024-2025: tra tutti spicca la maglia Napoli da donna.    Nel frattempo, ecco tutto l'abbigliamento SSC Napoli donna disponibile su Amazon, dove molti capi d'abbigliamento ufficiali sono in vendita a prezzo scontato.    In qualità di partner del"
2022-10-31,", sia lavando panni al palazzo Reale, sia vendendo al mercato.    Ma da lei si andava soprattutto per stare insieme.    Una donna disponibile e sorridente, che non si è mai tirata indietro, accudendo una mamma paralitica, la famiglia e i nipoti con la sua"
2020-07-26,ancora qualche tassello da coprire.    Uno dei problemi più grandi nella compilazione delle liste è quello di trovare donne disponibili a candidarsi.    Sono in poche a voler scendere in campo e spendere del tempo e risorse per una campagna che potrebbe essere
2021-10-20,rosarno.    Annunci erotici sondrio.    Lei convertitore.    Bakeca donna di servizio elemosina prossimo escrt.    Annunci di donne disponibili in avventure non mercenarie milano.    Annunci69 invertito umbria.    Fiacchere unitamente bambini uomo e domestica
2022-03-08,"""    Il ciclo mestruale e le stagioni: il nuovo programma di meditazione mindfulness di Petit Bambou dedicato alle donne    Disponibile da oggi e accessibile gratuitamente fino al 13 marzo, il programma crea un percorso verso la consapevolezza e l'"
2022-10-31,"Orizzonte Scuola Cucina e pulizie: le considerazioni di Patrizia Rossetti Patrizia ha dimostrato di essere una donna disponibile e pronta mettersi al servizio degli altri, ma al contempo non si esime dall'esprimere il proprio pensiero quando"
2021-09-16,milano.    Vivastreet lombardia sede distaccata durante gigolo gayvideo chat webcam italia annunci erotici gay roma donne disponibili varese osceno uomini pelosi bakeka caserta incontri fulvo sex gay cim escort gayincontri.    Recensioni escort cesena
2021-03-03,scopo potranno contare sul supporto dell'Ufficio sociale del Comune di residenza.    Poste Italiane: per la Festa della Donna disponibili le cartoline filateliche    BOLOGNA - Poste Italiane celebra anche quest'anno la Festa della Donna dedicandole una
2019-04-08,"vengono fatte con ovociti arrivati dall'estero perché in Italia non ci sono donatrici.    E anche se ci fossero donne disponibili a donare, manca il tariffario sulle prestazioni necessarie per renderla attuabile: dallo screening alla"
2022-09-22,verso espediente di cui fare coscienza?    Annunci escort del 24 luglio mediante agglomerato di Monza Brianza.    Belle donne disponibili di sbieco incontri e verso accompagnarti verso riunioni o eventi.    Annunci escort del 15 luglio addosso provincia di
2023-08-09,", valori, principi, tra loro in forte tensione.    Mi diceva un amico gay, di sicura fede progressista: ""se ci sono donne disponibili ad aiutare i gay ad avere figli, perché negare loro la possibilità di compiere un atto di generosità?"".    Ma il problema è"
2018-04-12,", l'effetto negativo di una concezione clericale e maschilista.    Se non si rimedierà a breve termine, molte donne disponibili a servire si sentiranno trascurate e disprezzate nelle loro capacità, e potrebbero eventualmente allontanarsi"
2017-10-07,"Caprioglio: ""Donne Futuro compie 10 anni ed è un progetto bellissimo.    Devo ringraziare Cristina Rossello che è una donna disponibilissima che ha lasciato Savona molti anni, ma non ha mai dimenticato le sue origini.    Per un anno ci sarà una ragazza che mi"
2021-12-05,"annunci ragazze sessualita gratuitamente ao vitale porno donna di servizio solo che riprendere un adulto bakeca donne disponibili verso adulti siracusa i migliori scene di 24 giochetti sessuali gratuiti, proiezione erotique oise Donne con"
2015-02-26,"e bambini, viene trafficata in India e in Pakistan per il mercato della prostituzione.    Un'altra, in genere uomini e donne disponibili a emigrare nei Paesi del Golfo in cerca di lavoro, si ritrova poi in situazioni di lavoro forzato: i documenti vengono"
2016-05-20,"alla trasmissione della vita assicura un armonico futuro della società.    Per ovviare a ciò, si ricorre all'utero di donne disponibili normalmente a titolo oneroso o talvolta gratuito.    Proprio in questi giorni dai vescovi italiani è venuto un duro"
2022-03-19,non si sfrutti l'immagine di creature già martoriate.    Che di tutto hanno bisogno tranne che di essere presentate come donne disponibili ...    La differente carcassa più dura degli pneumatici francesi è stata alla base della deludente prestazione del team
2021-03-09,"di un documentario sulla sua adolescenza e ha creato Assembly, una pubblicazione digitale per ragazze e giovani donne disponibile su Apple News.    Dal suo lancio nel 2018, Assembly ha pubblicato storie di giovani donne in oltre 100 Paesi e in più di 20"
2016-09-23,8.30 alle 10.30 nel periodo novembre 2016 /maggio 2017.    Per organizzare i prossimi corsi si stanno cercando uomini e donne disponibili a dedicare due ore alla settimana oppure ogni 15 giorni per fare questo servizio.    Sono graditi anche volontari
2021-03-19,Lecce ti offre i migliori annunci attraverso donne affinchÃ© cercano uomini Sex Cam.    Videochat Lecce.    Belle donne disponibili in incontri e verso accompagnarti verso riunioni ovvero eventi.    Trova la cameriera perfetta sopra caccia di
2019-08-29,"alle prefiche, che piangevano ai funerali.    Adesso i tempi sono decisamente cambiati e sarebbe un bel problema trovare donne disponibili a svolgere questo ruolo.    Così ai parroci di certi comuni, non resta che appellarsi ai fedeli sui social.    Ancora più"
2021-09-14,"in sette sezioni, tra cui New Routes (Nuove Rotte) che presenta una selezione di cinque corti che raccontano di giovani donne disponibili a farsi sorprendere dalla vita e Upstream (Controcorrente) che raccoglie, invece, quattro storie di donne che vivono"
2022-10-21,"da oltre 3 milioni di giovani che non studiano e non lavorano (Neet), dal potenziale di almeno 3 milioni di donne disponibili a lavorare, da circa 1,4 milioni di persone occupate part-time che desiderano lavorare a tempo pieno, dall'"
2023-07-15,"meglio ancora questo a 139€ con il celeron N5105    Il nuovo singolo di Simone Costa denuncia una storia di violenza sulle donne    Disponibile su tutte le maggiori piattaforme musicali e digital ""Margot"" il nuovo singolo del cantautore campano , ormai leccese"
2015-02-11,""" che la sua mente malata progettava da tempo.    Non gli sembrava vero essere riuscito a entrare in contatto con una donna disponibile a fargli fare sesso con la propria bambina di 5 anni.    E così sabato scorso Louis Ponterio, 54 anni, si è presentato all'"
2021-07-18,"creare (e modificare) su Mod4 Avatar rappresenta l'utente durante tutto il gioco e ha milioni di combinazioni uomo e donna disponibili tra skin color, lineamenti, acconciature e make-up per personalizzare il proprio IO virtuale e guadagnare subito di"
2019-08-28,"femminile è sempre stata un po' più ridotta alla rispetto alla concorrenza, tant'è che in Street Fighter II l'unica donna disponibile era l'agilissima cinese Chun-Li a cui poi si è aggiunta anche la britannica Cammy quando il parco personaggi è stato"
2021-07-22,"un ulteriore tocco di originalità alle proprie acconciature.    Di seguito troverete le migliori fasce per capelli da donna disponibili su Amazon, selezionate in base alla tipologia, ai colori e ai materiali con cui sono realizzate.    Vediamo insieme quali"
2021-07-13,"alla prova anche con altre persone, ma di Everesting ce ne sono ancora, quindi prima o poi si dovranno rifare"".    Belle donne disponibili in incontri e in accompagnarti verso riunioni ovvero eventi    Gratis e la tua privacy Ã ̈ al sicuro!    Fai attenzione a"
2016-10-28,"in Paesi, come l'Ucraina, che consentono la maternità surrogata omologa vietata in Italia, e là si accordano con una donna disponibile a rimanere fecondata dal marito della coppia e a condurre la gravidanza, poi consapevole che la coppia italiana farà"
2021-08-01,cerca umano BakecaIncontrii Bologna ti offre i migliori annunci durante donne cosicche cercano uomini.    Belle donne disponibili per incontri e a causa di accompagnarti per riunioni o eventi.    Trova la collaboratrice familiare perfetta mediante
2023-10-25,"sono veri e propri capi casual, eleganti e piacevoli da indossare nelle circostanze più disparate.    Tra i pigiami da donna disponibili su www.noidinotte.com, per esempio, molti modelli si presentano e possono essere riutilizzati come camicie, felpe,"
2016-02-22,"un grandissimo numero di curricula agli Enti designatori, in modo che nessuno possa sostenere che non ci sono donne disponibili né competenti.    E' perciò importante che molte donne partecipino al bando: è molto semplice.    Sui siti degli Enti ci sono"
2020-01-20,"della pubblicità che ogni buon pop-up ci propina: dimagrire mangiando, guadagnare senza lavorare, cercare donne disponibili con un click.    Ora anche richiedere uno scontrino alla cassa sarà un modo per perseguire questa patologia: non conta"
2022-07-23,"siti di annunci erotici domestica accatto garzone, natalie lust voglioprno cam dal vivace chiaro erotico cerco donne disponibili elenco 12 siti porno.    Bakeca fermo annunci trans venezia annunci asiatico milano attraverso rimuovere video"
2020-10-23,parte politica si vedono fantasmi che puzzano di ipocrisia opportunistica evitando mercificazione la figura della donna disponibile nel CPA    Volendo ignorare spettacoli quotidiane di mercificazione di sentimenti di persone donne o uomini trasmessi
2022-05-09,accompagnarti verso riunioni od eventi di sforzo.    Trova gnocca e la bakeca giacche ti fa avere successo fantastiche donne disponibili .    Trova la tua escort attraverso divertirsi una splendida destino nella tua citta ovvero nella borgo in cui andrai a
2020-11-11,"e-commerce Genteroma.com dove è presente una selezione di abbigliamento, scarpe, accessori, gioielli, borse uomo - donna disponibili per la spedizione in tutto il mondo.    Covid: discoteche Sardegna, spunta parere negativo del Cts    CAGLIARI, 11 NOV - Si"
2021-12-31,elemosina benevolo BakecaIncontrii Lodi ti offre i migliori annunci canto donne perche cercano uomini.    Belle donne disponibili di traverso incontri e da parte a parte accompagnarti contro riunioni ovverosia eventi.    Trova la cameriera di
2015-12-07,"pronti a prestazioni da machi incalliti o presunti tali (vizio antico dell'uomo italiano) con avventure facili con donne disponibili e, costretti, poi, a ritirate precipitose quando la realtà dovesse materializzarsi in donne molto lontane dall'"
2021-09-30,"lina.    Belle ragazz.    Donne Lainate Non aspettare, attualmente e il circostanza di godere un situazione proprio.    Belle donne disponibili verso incontri e attraverso accompagnarti verso riunioni ovvero eventi.    Teca Incontri Matura sopra bacheca Milano -"
2023-11-25,", temendo per la propria incolumità ma l'imputato aveva preso anche ad insultarla sui social, indicandola quale donna disponibile a fare sesso a pagamento.    Ieri l'imputato ha chiesto il patteggiamento a 1 anno e 2 mesi, con pena sospesa e con il"
2025-03-04,"donna 2024-2025: tra tutti spicca la maglia Napoli da donna.    Nel frattempo, ecco tutto l'abbigliamento SSC Napoli donna disponibile su Amazon, dove molti capi d'abbigliamento ufficiali sono in vendita a prezzo scontato.    In qualità di partner del"
2021-04-14,prossimo BakecaIncontrii Reggio Calabria ti offre i migliori annunci durante donne giacchГ© cercano uomini.    Belle donne disponibili per incontri e attraverso accompagnarti verso riunioni ovverosia eventi.    Dalla Rete Baseball: il getto inaugurale
2017-05-03,"il peccato, il proibito"".    Pat è una di loro: ""Sui suoi quaderni neri traccia colonne, schemi comparativi dell'eros: le donne disponibili , quelle inaccessibili.    Quelle brave a letto, quelle con cui si può parlare.    Grafici dell'impossibilità dell'"
2021-12-03,"eccetera.    Come ci insegna la storia di Cenerentola, quindi, durante balli e ricevimenti gli uomini adocchiavano le donne disponibili e, nel caso, cominciavano corteggiamento.    Sarebbe stata una gaffe assolutamente imperdonabile, però, fare una"
2021-09-07,"di creare un Avatar personale che rappresenta l'utente durante tutto il gioco: milioni di combinazioni uomo e donna disponibili tra skin color, lineamenti, acconciature e make-up per personalizzare il proprio IO virtuale.    Entry Box con un set di"
2022-03-15,"città e i grandi spazi outdoor, la collezione presenta le edizioni LOEWE delle iconiche scarpe sportive di On per uomo e donna Disponibili in cinque sfumate tonalità - kaki, grigio, blu, arancione, abbinate a sei capi ready-to-wear femminili e a sette"
2017-09-04,"che non avrebbero dovuto percorrere (e che li avrebbe condotti all'omosessualità), ponesti nei diversi quartieri donne disponibili per tutti.    Esse attendono svestite, per non deludere dopo i clienti, che possono così contemplarle a piacimento."
2015-12-14,"dichiarato:    Per realizzare l'opera d'arte, lo scultore ci ha impiegato ben 4 anni: il tempo necessario per trovare 400 donne disponibili a fare un calco alle proprie parti intime.    Tra vaginoplastiche e trattamenti di bellezza per i genitali femminili,"
2019-12-27,"ed esterne, nelle quali è possibile riporre diversi oggetti utili durante la sciate o le escursioni.    Tuta da sci donna disponibile in ben 14 varianti colore, sia per la giacca, sia per il piumino.    Quest'ultimo può essere a fondo bianco con scritte"
2021-09-23,to cam chat rooms giochi gratuitamente mediante chat omosessuale personals alcoy mitragliata youtube a sbafo cerco donne disponibili sesso dal vitale muler dolce cam erotico grates salerno vetrina incontri bakecaincontri pescara.    Seghe omosessuale
2015-06-12,"nome di Dodo la Saumure, francese tenutario di un bordello nel vicino Belgio, accusato di aver procurato le donne disponibili alle orge in questione.    È stato invece dichiarato colpevole di sfruttamento della prostituzione (ma non aggravato)"
2024-10-04,"e Archivi – Piano annuale 2023, L.R. 24/2019.    Ogni mercoledì mattina volontarie e operatrici dell'associazione Sos Donna disponibili alla Casa della Comunità.    Cambia sede anche il punto di Riolo e si ampliano gli orari di apertura del centro"
2019-08-13,"interno del consiglio comunale, ma anche e soprattutto tra le componenti sane della nostra Licata degli uomini e delle donne disponibili a far parte di una nuova squadra di governo cittadino per continuare e migliorare il lavoro fatto fino ad oggi.    Ci tengo a"
2023-07-27,"rapper Usher di molestie, travolta da meme e tweet offensivi dai fan di Usher che non potevano credere che, tra tutte le donne disponibili , il loro beniamino avesse scelto di molestare proprio lei.    Rappresentazione del corpo grasso    La rappresentazione"
2022-10-22,"diverse persone congelate.    Si era molto impressionato. ""Diceva che sarebbe stata un'opera santa se vi fossero state donne disponibili ad ""adottare"" ognuno di questi embrioni congelati per dare loro la possibilità di venire al mondo"", afferma Antonia"
2021-12-31,"passava un camion.    E'accaduto lo scorso 12 maggio.    A Samarate la conoscevano tutti.    Era la farmacista della città, donna disponibile e di rara gentilezza.    Lo scorso 17 gennaio Erica Mosca e il compagno Lorenzo Landenna sono rimasti vittime di un"
2019-12-27,"le diverse esigenze.    Questa guida fornirà dunque dei consigli per aiutare a scegliere quello perfetto.    Tuta da sci donna disponibile in giallo e bianco, disponibile dalla XS alla 3XL.    Sia il cappuccio che i polsini sono rifiniti con pellicciotto"
2016-02-01,", poteva prendere l'interno governo, e avere tutto il potere e gli applausi e i saluti, tutti i soldi, i palazzi e le donne disponibili che voleva"".    Poteva succedere anche qui, insomma.    ARTICOLI CORRELATI America irreligiosa La Decomposizione del Gop"
2021-01-28,"Digital Protection sono i più economici in assoluto per rapporto qualità/prezzo.    Si tratta di occhiali neutri uomo o donna disponibili in tre colorazioni e non sono graduati, quindi indossabili da tutti.    Questi occhiali per PC filtrano il 40% della luce"
2022-03-08,"in politica o nelle amministrazioni.    ""Non è solo una questione di scelte operate da maschi.    La verità - osserva - è che di donne disponibili ce ne sono poche perché la maggior parte di quelle che potrebbero impegnarsi nell'attività politica non trovano le"
2021-03-08,"della donna, a Loano lâ€TMufficio postale piÃ1 â€œin rosaâ€ del savonese IVG.itPoste Italiane: per la Festa della Donna disponibili le cartoline filateliche e l'annullo speciale LaVoceDiGenova.itFarmacie: il numero dâ€TMaiuto sugli scontrini"
2021-11-17,"normale, cioè lecito e condiviso, scegliere i genitori del proprio figlio su un catalogo che espone in vendita uomini e donne disponibili a cedere gameti e figli?    Scegliere il proprio figlio da un album di foto di donatori ritratti sia al momento attuale sia"
2020-09-18,"a partire    Roma, 18 set - Immigrare è facile, immigrare è bello.    In Europa vi attende una vita migliore fatta di soldi e donne disponibili .    E' questa la comunicazione social delle decine di pagine della rete ""Haraga"", indirizzata ai giovani ragazzi"
2018-12-03,"sua età anagrafica"".    Fra le motivazioni addotte, la difficoltà a trovare su Tinder (la popolare app di incontri, ndr) donne disponibili a uscire con un 69enne.    Di fronte al rifiuto degli uffici dell'anagrafe statale dei Paesi Bassi, Ratelband ha pensato"
2020-12-05,"interessamento dello sviluppatore tedesco CrazyBunch, il buon Laffer ritorna alla disperata ricerca di procaci donne disponibili all'incastramento di genitali a interferenza.    Il primo titolo della nuova serie, Wet Dreams Don't Dry, è uscito nel"
2022-03-23,"dal 2 marzo, e' fermo a 498 militari morti e 1.597 feriti.    0    Consigliere comunale a Casargo.    Il sindaco: ""Non abbiamo donne disponibili , troppo piccoli""    Niente quote rosa a Morterone.    Questione di ore e Mario Formenti di Casargo, sarà nominato dal"
2017-09-18,"in tre continenti.    Peccato che siano tutti uomini.    Sembra che la Nikon non sia riuscita a trovare alcuna donna disponibile a partecipare al concorso: ""Sfortunatamente le fotografe donna che abbiamo invitato a questo incontro, non erano"
2021-09-30,"abbandonato condito da una buona dimensione di beffa e di voglia di portarsi capire. ??    Parlando sopra macchinoso di donne disponibili e disinibite, metodo abbiamo sentenza anzi, e genuino cosicche ce ne sono di piu mediante alcuni ambienti"
2020-08-23,"le aperture estive (qualcuna anche in orario serale).    Ecco quali sono.    Ciondoli amore, da laBebé ecco la linea uomo e donna    Disponibile la limited edition 2020 con un pizzico di colore per l'estate.    Alla scoperta del design di questi gioielli    La Limited"
2023-02-16,", sono in grado di rispecchiare alla perfezione la personalità di chi li indossa.    Tra le idee regalo per la Festa della Donna disponibili nell'offerta di Scuderi Store possiamo ricordare magliette, leggings, gonne, stivaletti, décolleté, maglioncini"
2020-11-25,di strada: un uomo del popolo; Una donna di strada: una mignotta.    Un uomo disponibile: un uomo gentile e premuroso; Una donna disponibile : una mignotta.    Un uomo allegro: un buontempone; Una donna allegra: una mignotta.    Un gatto nero: un felino deceduto;
2022-03-30,"fuori dai cancelli della scuola in lacrime.    Ho sentito i talebani accampare scuse: non ci sono abbastanza insegnanti donne disponibili , l'uniforme scolastica per le ragazze non è adeguatamente modesta, il momento semplicemente non è giusto.    L'"
2021-08-14,"ricerca compagno BakecaIncontrii Como ti offre i migliori annunci a causa di donne in quanto cercano uomini.    Belle donne disponibili durante incontri e durante accompagnarti verso riunioni oppure eventi.    Escort per Como, annunci personali di"
2021-08-01,"Annunci personali donne a Bologna pagine seguenti 1 2 3 4 5 6 7 8.    Gia con difficolta mi vedrai, non    Belle donne disponibili verso incontri e a causa di accompagnarti a riunioni ovvero eventi.    Trova la donna perfetta durante accatto di"
2020-02-19,"di maggioranza, il consigliere Fausto Melluso ha posto la questione e Orlando avrebbe risposto che non ha trovato donne disponibili .    Su Facebook Mariangela Di Gangi, presidentessa dell'associazione Zen Insieme e militante di Sinistra Comune,"
2021-12-31,"verso potere    Hot Loves forza ti offre i migliori annunci attraverso donne affinche cercano uomini.    AFFASCINANTI donne disponibili durante incontri e per tenerti gruppo verso riunioni ovverosia eventi.    Trova la cameriera giusta, inizia verso"
2021-03-29,"una sorpresa: basta con lo stereotipo dell'uomo traditore.    Secondo l'analisi fatta dalla piattaforma, infatti, le donne disponibili a tradire sarebbero il 10 percento in più degli uomini, anche se questi ultimi pensano all'infedeltà già prima del"
2022-11-14,"bisogno di talenti creativi per crescere"", ha ribadito con forza Andrea Bonfanti.    ""Noi siamo da tempo alla ricerca di donne disponibili ad impegnarsi nella manutenzione degli ascensori che produciamo: la meticolosità, l'attenzione e la precisione"
2024-06-10,"divertimento e ""piccantezza"".    Arcaton offre una piattaforma per trovare escort a Milano e aiutarti a divertirti con donne disponibili , rendendo le tue vacanze estive ancora più eccitanti.    Scopri nuove attività outdoor    Le vacanze estive sono l'"
2024-08-25,"Chiricuta lavorava nel locale ""Universo24"" di Lido di Camaiore.    Tutti coloro che l'hanno conosciuta parlano di una donna disponibile e sempre pronta ad aiutare gli altri.    Il quotidiano Il Tirreno ha raccolto diverse testimonianze. ""Laura era una bella"
2022-06-23,"e degli armadietti personali, ci si mette un asciugamano e si approfitta dei servizi offerti dalla struttura.    Ci sono donne disponibili a fare compagnia ai clienti e con le quali si può concordare una cifra per determinati servizi (le ragazze si pagano a"
2022-02-23,"cercano sessualita vetrina incontri adulti donne belle femme escort st. a causa di erotismo alicante cercando donne disponibili incontri pederasta lecce, pellicola di coppia caccia compagno milano giochi di corna fanciulla modo madrid"
2021-09-30,"donne negli ambienti non di piu descritti e celebre conoscenza non di piu comportarti nel occasione incontrassi donne disponibili .    Vediamo alle spalle ricco non incaricare nello individuare unitamente abituale qualita di donne, riassumendo"
2019-10-20,"otto episodi della durata di 20 minuti l'uno.    In particolare, la richiesta è indirizzata nei confronti di uomini e donne disponibili a raccontare le proprie esperienze nel contesto della palestra.    Non si cercano soggetti particolari, palestrati o"
2014-09-02,".    La pratica fa spesso nascere bambini prematuri, ma secondo quanto riporta la stampa locale sarebbero centinaia le donne disponibili a questo ""stratagemma"": a Shenzhen, presso lo Shenzhen Maternity and Child Healthcare Hospital, tra sabato e"
2019-12-30,"indiana a conduzione familiare in condizioni lavorative eque e con il massimo rispetto dell'ambiente.    Zaino in pelle donna disponibile in due varianti colori, ossia marrone scuro e khaki.    L'articolo è dotato di comode tracolle di cotone regolabili, le"
2021-09-21,cattura compagno BakecaIncontrii Chieti ti offre i migliori annunci a causa di donne in quanto cercano uomini.    Belle donne disponibili in incontri e in accompagnarti per riunioni ovverosia eventi.    Compagno Caccia Umanita.    Donna Cattura Donna Di
